Match ID,Map,Player,Team,Agent,2K,3K,4K,5K,1v1,1v2,1v3,1v4,1v5,ECON,PL,DE
378662,Haven,Lakia,GEN,Skye,4,0,0,0,0,0,0,0,0,53,5,0
378662,Haven,Munchkin,GEN,Viper,1,0,0,0,0,0,0,0,0,34,0,0
378662,Haven,t3xture,GEN,Jett,6,1,1,0,0,1,0,0,0,92,0,3
378662,Haven,Meteor,GEN,Killjoy,4,1,1,0,1,0,1,0,0,60,0,1
378662,Haven,Karon,GEN,Omen,2,1,0,0,0,0,0,0,0,47,4,0
378662,Haven,TenZ,SEN,Omen,3,1,0,0,0,0,0,0,0,59,1,0
378662,Haven,Sacy,SEN,Sova,5,0,0,0,0,0,0,0,0,65,1,2
378662,Haven,Zellsis,SEN,Breach,0,2,0,0,0,0,0,0,0,39,6,1
378662,Haven,johnqt,SEN,Cypher,3,0,0,0,0,0,0,0,0,37,0,0
378662,Haven,zekken,SEN,Jett,2,0,0,0,0,0,0,0,0,26,1,0
378662,Ascent,Lakia,GEN,Sova,2,0,0,0,0,0,0,0,0,26,1,0
378662,Ascent,Munchkin,GEN,Kayo,2,3,0,0,0,0,0,0,0,63,6,0
378662,Ascent,t3xture,GEN,Jett,3,0,0,0,0,0,0,0,0,53,0,0
378662,Ascent,Meteor,GEN,Killjoy,2,2,0,0,0,0,0,0,0,76,1,0
378662,Ascent,Karon,GEN,Omen,1,1,2,0,1,0,0,0,0,61,2,0
378662,Ascent,TenZ,SEN,Omen,3,0,0,0,0,0,0,0,0,34,0,0
378662,Ascent,Sacy,SEN,Sova,3,1,0,0,0,0,0,0,0,78,2,1
378662,Ascent,Zellsis,SEN,Cypher,2,0,0,0,0,0,0,0,0,32,1,0
378662,Ascent,johnqt,SEN,Deadlock,1,1,0,0,0,0,0,0,0,30,0,0
378662,Ascent,zekken,SEN,Jett,0,1,0,0,0,0,0,0,0,49,0,1
378663,Abyss,Autumn,FPX,Viper,4,0,0,0,0,0,0,0,0,54,1,1
378663,Abyss,Life,FPX,Yoru,0,1,0,0,1,0,0,0,0,35,3,0
378663,Abyss,BerLIN,FPX,Omen,3,0,0,0,0,1,0,0,0,48,4,1
378663,Abyss,AAAAY,FPX,Fade,2,2,1,1,0,0,0,0,0,71,1,0
378663,Abyss,Lysoar,FPX,Cypher,4,0,0,0,0,0,0,0,0,47,2,0
378663,Abyss,Boo,TH,Astra,2,0,0,0,0,0,0,0,0,36,0,0
378663,Abyss,RieNs,TH,Sova,8,1,1,0,1,1,0,0,0,79,1,1
378663,Abyss,MiniBoo,TH,Jett,1,0,0,0,0,0,0,0,0,24,0,0
378663,Abyss,Wo0t,TH,Gekko,6,1,0,0,0,0,0,0,0,51,10,2
378663,Abyss,benjyfishy,TH,Cypher,2,0,0,0,0,0,0,0,0,36,0,0
378663,Bind,Autumn,FPX,Chamber,3,2,0,0,2,1,0,0,0,60,0,1
378663,Bind,Life,FPX,Yoru,2,1,0,0,0,0,0,0,0,60,3,0
378663,Bind,BerLIN,FPX,Omen,2,0,0,0,0,0,0,0,0,29,2,0
378663,Bind,AAAAY,FPX,Fade,1,2,0,0,0,0,0,0,0,41,1,1
378663,Bind,Lysoar,FPX,Viper,2,0,1,0,1,0,0,0,0,62,1,0
378663,Bind,Boo,TH,Brimstone,2,0,0,0,0,0,0,0,0,46,0,1
378663,Bind,RieNs,TH,Gekko,5,1,1,0,0,0,0,0,0,67,6,0
378663,Bind,MiniBoo,TH,Raze,3,0,0,0,0,0,0,0,0,30,0,0
378663,Bind,Wo0t,TH,Fade,1,1,0,0,0,0,0,0,0,39,0,1
378663,Bind,benjyfishy,TH,Viper,3,4,0,0,0,0,0,0,0,84,0,0
378663,Lotus,Autumn,FPX,Viper,6,0,0,0,0,0,0,0,0,42,2,1
378663,Lotus,Life,FPX,Raze,2,2,0,0,0,0,0,0,0,40,0,1
378663,Lotus,BerLIN,FPX,Astra,3,2,0,0,0,0,0,0,0,48,0,0
378663,Lotus,AAAAY,FPX,Gekko,5,1,0,0,1,0,0,0,0,43,5,2
378663,Lotus,Lysoar,FPX,Omen,4,1,0,0,0,0,0,0,0,51,4,0
378663,Lotus,Boo,TH,Fade,2,2,0,0,0,0,0,0,0,45,4,0
378663,Lotus,RieNs,TH,Viper,4,1,0,0,0,0,0,0,0,57,6,0
378663,Lotus,MiniBoo,TH,Raze,6,1,0,0,0,0,0,0,0,52,0,1
378663,Lotus,Wo0t,TH,Omen,1,1,0,0,0,0,1,0,0,35,1,1
378663,Lotus,benjyfishy,TH,Killjoy,3,1,0,0,0,1,0,0,0,36,0,3
378657,Haven,BuZz,DRX,Jett,1,0,0,0,0,0,0,0,0,44,0,0
378657,Haven,MaKo,DRX,Omen,3,0,0,0,0,0,0,0,0,48,3,0
378657,Haven,BeYN,DRX,Sova,1,0,0,0,0,0,0,0,0,26,0,0
378657,Haven,Foxy9,DRX,Breach,2,0,0,0,0,0,0,0,0,42,1,0
378657,Haven,Flashback,DRX,Cypher,1,1,0,0,0,0,0,0,0,45,0,0
378657,Haven,Melser,KRÜ,Omen,4,2,1,0,1,1,0,0,0,127,0,1
378657,Haven,keznit,KRÜ,Neon,5,0,1,0,0,0,0,0,0,72,0,1
378657,Haven,heat,KRÜ,Breach,2,0,0,0,0,0,0,0,0,59,0,0
378657,Haven,Shyy,KRÜ,Cypher,2,1,0,0,1,1,0,0,0,53,0,0
378657,Haven,mta,KRÜ,Sova,2,0,0,0,0,0,0,0,0,24,2,0
378657,Abyss,BuZz,DRX,Jett,2,1,0,0,0,0,0,0,0,65,0,0
378657,Abyss,MaKo,DRX,Omen,4,0,0,0,0,0,0,0,0,56,2,1
378657,Abyss,BeYN,DRX,Sova,2,1,1,0,1,1,0,0,0,48,1,1
378657,Abyss,Foxy9,DRX,Kayo,0,1,0,0,0,0,0,0,0,54,3,0
378657,Abyss,Flashback,DRX,Cypher,4,1,1,0,1,0,0,0,0,84,0,0
378657,Abyss,Melser,KRÜ,Harbor,1,0,0,0,0,0,0,0,0,33,0,0
378657,Abyss,keznit,KRÜ,Omen,2,1,1,0,0,0,0,0,0,55,2,1
378657,Abyss,heat,KRÜ,Sova,2,0,0,0,0,0,0,0,0,53,0,0
378657,Abyss,Shyy,KRÜ,Cypher,1,1,0,0,1,0,0,0,0,34,2,0
378657,Abyss,mta,KRÜ,Kayo,4,2,0,0,0,0,0,0,0,86,1,0
378657,Bind,BuZz,DRX,Raze,3,3,0,0,0,0,0,0,0,63,1,0
378657,Bind,MaKo,DRX,Brimstone,0,0,0,0,0,0,0,0,0,37,2,0
378657,Bind,BeYN,DRX,Fade,2,1,0,0,1,0,0,0,0,64,0,2
378657,Bind,Foxy9,DRX,Gekko,3,2,0,0,0,0,0,0,0,57,3,0
378657,Bind,Flashback,DRX,Viper,4,0,0,0,1,0,0,0,0,61,0,2
378657,Bind,Melser,KRÜ,Brimstone,1,0,0,0,0,0,0,0,0,47,0,1
378657,Bind,keznit,KRÜ,Raze,2,2,0,0,0,0,0,0,0,51,1,0
378657,Bind,heat,KRÜ,Fade,5,0,0,0,0,0,0,0,0,33,1,1
378657,Bind,Shyy,KRÜ,Viper,3,1,0,0,0,0,1,0,0,55,0,0
378657,Bind,mta,KRÜ,Gekko,1,0,0,0,0,0,0,0,0,33,5,0
378656,Bind,Boaster,FNC,Astra,1,0,0,0,0,0,0,0,0,45,0,0
378656,Bind,Chronicle,FNC,Viper,5,1,0,0,1,0,0,0,0,69,0,1
378656,Bind,Derke,FNC,Raze,4,2,0,0,0,0,0,0,0,65,1,1
378656,Bind,Alfajer,FNC,Gekko,3,1,0,0,0,0,0,0,0,51,6,1
378656,Bind,hiro,FNC,Fade,2,1,0,0,0,0,1,0,0,38,1,2
378656,Bind,Flex1n,BLG,Brimstone,3,0,0,0,0,0,0,0,0,45,3,0
378656,Bind,Knight,BLG,Cypher,4,1,0,0,0,0,0,0,0,45,0,0
378656,Bind,whzy,BLG,Raze,5,1,1,0,0,0,0,0,0,62,0,1
378656,Bind,yosemite,BLG,Viper,2,0,0,0,0,0,0,0,0,39,0,1
378656,Bind,nephh,BLG,Skye,1,0,0,0,0,0,0,0,0,51,7,0
378656,Lotus,Boaster,FNC,Omen,3,1,0,0,0,1,0,0,0,57,1,0
378656,Lotus,Chronicle,FNC,Viper,5,1,0,0,0,0,0,0,0,74,0,1
378656,Lotus,Derke,FNC,Raze,2,1,0,0,0,0,0,0,0,54,1,2
378656,Lotus,Alfajer,FNC,Killjoy,1,0,0,0,0,0,0,0,0,48,0,0
378656,Lotus,hiro,FNC,Fade,5,2,0,0,0,1,0,0,0,89,1,0
378656,Lotus,Flex1n,BLG,Omen,1,0,0,0,0,0,0,0,0,30,0,0
378656,Lotus,Knight,BLG,Breach,2,0,0,0,0,0,0,0,0,43,3,0
378656,Lotus,whzy,BLG,Neon,0,1,0,1,0,0,0,0,0,46,0,0
378656,Lotus,yosemite,BLG,Cypher,2,0,0,0,0,0,0,0,0,31,1,0
378656,Lotus,nephh,BLG,Fade,3,1,0,0,0,0,0,0,0,50,1,0
378667,Bind,C0M,LEV,Viper,1,2,0,0,1,0,0,0,0,53,0,1
378667,Bind,tex,LEV,Gekko,0,0,0,0,1,0,0,0,0,27,9,0
378667,Bind,Mazino,LEV,Skye,1,0,0,0,0,0,0,0,0,37,0,0
378667,Bind,aspas,LEV,Raze,5,0,1,0,0,0,0,0,0,62,0,1
378667,Bind,kiNgg,LEV,Brimstone,3,2,0,1,1,1,0,0,0,68,0,1
378667,Bind,Crws,TLN,Omen,2,1,0,0,0,0,0,0,0,37,2,0
378667,Bind,Governor,TLN,Neon,5,2,0,0,0,0,0,0,0,58,0,0
378667,Bind,ban,TLN,Skye,4,0,0,0,0,0,0,0,0,50,3,2
378667,Bind,JitBoyS,TLN,Viper,4,0,0,0,0,0,0,0,0,61,1,1
378667,Bind,primmie,TLN,Yoru,4,1,0,0,0,0,0,0,0,53,1,0
378667,Ascent,C0M,LEV,Sova,4,0,0,0,0,0,0,0,0,87,1,1
378667,Ascent,tex,LEV,Cypher,3,2,0,0,0,0,0,0,0,58,1,0
378667,Ascent,Mazino,LEV,Deadlock,4,0,0,0,0,0,0,0,0,47,0,2
378667,Ascent,aspas,LEV,Jett,3,0,0,0,0,0,0,0,0,63,0,0
378667,Ascent,kiNgg,LEV,Omen,2,2,0,0,0,0,0,0,0,57,3,1
378667,Ascent,Crws,TLN,Kayo,2,0,0,0,0,0,0,0,0,36,4,0
378667,Ascent,Governor,TLN,Sova,1,0,0,0,0,0,0,0,0,36,0,0
378667,Ascent,ban,TLN,Phoenix,2,0,0,0,0,0,0,0,0,30,0,0
378667,Ascent,JitBoyS,TLN,Clove,4,0,0,0,0,0,0,0,0,41,2,1
378667,Ascent,primmie,TLN,Sage,5,2,0,0,0,0,0,0,0,58,1,1
378669,Ascent,Sayf,VIT,Jett,5,0,0,0,0,1,0,0,0,37,2,1
378669,Ascent,trexx,VIT,Sova,4,2,1,0,0,0,0,0,0,78,1,0
378669,Ascent,ceNder,VIT,Omen,2,2,0,0,0,0,0,0,0,39,2,0
378669,Ascent,Kicks,VIT,Kayo,0,0,0,0,0,0,0,0,0,28,2,0
378669,Ascent,runneR,VIT,Killjoy,2,2,0,0,0,0,0,0,0,47,2,0
378669,Ascent,Biank,TE,Sova,3,1,0,0,0,0,0,0,0,38,4,0
378669,Ascent,LuoK1ng,TE,Omen,5,3,0,0,0,0,0,0,0,63,1,1
378669,Ascent,heybay,TE,Kayo,2,0,0,0,0,0,0,0,0,29,2,0
378669,Ascent,FengF,TE,Killjoy,5,0,0,0,0,1,0,0,0,39,0,1
378669,Ascent,Kai,TE,Jett,8,0,0,0,0,0,0,0,0,54,2,0
378669,Sunset,Sayf,VIT,Neon,2,1,0,0,0,0,0,0,0,57,0,0
378669,Sunset,trexx,VIT,Sova,5,2,1,0,0,1,0,0,0,117,3,1
378669,Sunset,ceNder,VIT,Omen,2,1,0,0,0,0,0,0,0,46,1,0
378669,Sunset,Kicks,VIT,Kayo,0,0,0,0,0,0,0,0,0,49,1,1
378669,Sunset,runneR,VIT,Cypher,6,0,0,0,0,0,0,0,0,50,1,1
378669,Sunset,Biank,TE,Sova,1,0,1,0,0,0,1,0,0,43,2,1
378669,Sunset,LuoK1ng,TE,Omen,5,0,0,0,0,0,0,0,0,64,1,0
378669,Sunset,heybay,TE,Breach,0,0,0,0,0,0,0,0,0,33,3,0
378669,Sunset,FengF,TE,Raze,2,1,0,0,0,0,0,0,0,38,0,0
378669,Sunset,Kai,TE,Cypher,3,1,0,0,0,0,0,0,0,47,1,0
378669,Bind,Sayf,VIT,Raze,3,1,0,0,0,0,0,0,0,55,0,0
378669,Bind,trexx,VIT,Fade,1,1,0,0,1,0,0,0,0,46,0,1
378669,Bind,ceNder,VIT,Omen,1,1,0,0,0,0,0,0,0,29,3,0
378669,Bind,Kicks,VIT,Gekko,2,0,0,0,0,0,0,0,0,40,5,0
378669,Bind,runneR,VIT,Viper,1,0,0,0,0,0,0,0,0,46,0,0
378669,Bind,Biank,TE,Skye,2,0,0,0,0,0,0,0,0,44,1,1
378669,Bind,LuoK1ng,TE,Brimstone,2,4,0,0,0,0,0,0,0,68,4,0
378669,Bind,heybay,TE,Deadlock,4,0,1,0,0,0,0,0,0,78,2,0
378669,Bind,FengF,TE,Raze,2,1,0,0,1,0,0,0,0,62,1,1
378669,Bind,Kai,TE,Cypher,2,1,0,0,0,0,0,0,0,54,0,0
378674,Icebox,valyn,G2,Harbor,4,1,0,0,1,0,0,0,0,69,2,1
378674,Icebox,JonahP,G2,Viper,3,0,0,0,0,0,0,0,0,53,0,1
378674,Icebox,leaf,G2,Killjoy,3,1,1,0,0,0,0,0,0,81,0,2
378674,Icebox,icy,G2,Gekko,2,1,0,0,0,0,0,0,0,44,7,0
378674,Icebox,trent,G2,Sova,4,0,0,0,1,0,0,0,0,48,1,0
378674,Icebox,Jinggg,PRX,Sage,4,1,0,0,1,0,0,0,0,57,7,0
378674,Icebox,mindfreak,PRX,Viper,2,3,0,0,0,0,1,0,0,62,0,0
378674,Icebox,f0rsakeN,PRX,Sova,3,1,0,0,0,0,0,0,0,46,1,2
378674,Icebox,d4v41,PRX,Killjoy,1,0,0,0,0,0,0,0,0,31,0,0
378674,Icebox,something,PRX,Jett,2,2,0,0,0,0,0,0,0,46,0,0
378674,Lotus,valyn,G2,Omen,3,0,0,0,0,0,0,0,0,40,2,0
378674,Lotus,JonahP,G2,Viper,4,2,1,0,0,0,0,0,0,60,0,1
378674,Lotus,leaf,G2,Killjoy,3,1,0,0,1,0,0,0,0,53,2,2
378674,Lotus,icy,G2,Raze,2,3,0,0,0,0,0,0,0,52,0,1
378674,Lotus,trent,G2,Fade,2,3,0,0,0,0,0,0,0,66,3,2
378674,Lotus,Jinggg,PRX,Neon,2,0,0,0,0,0,0,0,0,37,0,0
378674,Lotus,mindfreak,PRX,Omen,3,1,0,0,0,0,0,0,0,45,2,1
378674,Lotus,f0rsakeN,PRX,Kayo,3,2,0,0,0,0,0,0,0,54,4,1
378674,Lotus,d4v41,PRX,Fade,4,0,0,0,0,0,0,0,0,55,2,0
378674,Lotus,something,PRX,Jett,4,0,0,0,1,0,0,0,0,59,0,1
378673,Lotus,nobody,EDG,Fade,4,1,0,0,0,1,0,0,0,49,0,1
378673,Lotus,ZmjjKK,EDG,Neon,3,1,0,0,0,0,0,0,0,42,1,0
378673,Lotus,Smoggy,EDG,Clove,6,1,1,0,0,2,0,0,0,69,0,2
378673,Lotus,S1Mon,EDG,Breach,1,0,0,0,0,0,0,0,0,33,7,0
378673,Lotus,CHICHOO,EDG,Omen,2,0,1,0,0,1,0,0,0,65,1,1
378673,Lotus,cNed,FUT,Jett,2,1,0,0,0,0,0,0,0,50,0,0
378673,Lotus,qRaxs,FUT,Breach,3,1,0,0,0,0,0,0,0,57,3,1
378673,Lotus,AtaKaptan,FUT,Viper,2,1,0,0,0,0,0,0,0,45,4,0
378673,Lotus,MrFaliN,FUT,Omen,3,1,0,0,0,0,0,0,0,49,2,0
378673,Lotus,yetujey,FUT,Cypher,4,2,0,0,0,0,0,0,0,57,0,1
378673,Bind,nobody,EDG,Gekko,1,0,0,0,0,0,0,0,0,28,2,1
378673,Bind,ZmjjKK,EDG,Raze,5,1,0,0,0,1,0,0,0,49,3,0
378673,Bind,Smoggy,EDG,Brimstone,5,2,0,0,1,0,0,0,0,88,2,1
378673,Bind,S1Mon,EDG,Fade,1,0,0,0,0,0,0,0,0,32,1,1
378673,Bind,CHICHOO,EDG,Viper,2,2,0,0,0,0,0,0,0,71,1,0
378673,Bind,cNed,FUT,Raze,3,1,0,0,0,0,0,0,0,55,0,0
378673,Bind,qRaxs,FUT,Fade,2,0,0,0,1,0,1,0,0,46,1,0
378673,Bind,AtaKaptan,FUT,Brimstone,2,1,0,0,0,0,0,0,0,33,1,0
378673,Bind,MrFaliN,FUT,Gekko,2,0,0,0,0,0,0,0,0,38,6,1
378673,Bind,yetujey,FUT,Viper,2,2,0,0,0,0,0,0,0,51,1,0
378664,Abyss,Lakia,GEN,Sova,3,1,0,0,0,0,0,0,0,29,6,0
378664,Abyss,Munchkin,GEN,Viper,2,0,0,0,1,0,0,0,0,43,1,0
378664,Abyss,t3xture,GEN,Jett,4,0,2,0,0,0,0,0,0,65,1,0
378664,Abyss,Meteor,GEN,Yoru,5,2,2,0,0,0,0,0,0,71,2,1
378664,Abyss,Karon,GEN,Astra,3,0,0,0,2,0,0,0,0,59,1,1
378664,Abyss,Boo,TH,Astra,6,0,1,0,1,0,0,0,0,66,0,0
378664,Abyss,RieNs,TH,Sova,2,0,0,0,0,0,0,0,0,39,0,0
378664,Abyss,MiniBoo,TH,Jett,4,1,0,0,0,0,0,0,0,49,0,0
378664,Abyss,Wo0t,TH,Gekko,2,2,0,0,0,0,0,0,0,63,8,4
378664,Abyss,benjyfishy,TH,Cypher,3,2,0,0,0,0,0,0,0,49,0,0
378664,Lotus,Lakia,GEN,Fade,4,0,0,0,1,1,0,0,0,42,4,1
378664,Lotus,Munchkin,GEN,Viper,2,0,0,0,0,0,0,0,0,42,1,0
378664,Lotus,t3xture,GEN,Raze,3,2,0,0,0,0,0,0,0,66,0,0
378664,Lotus,Meteor,GEN,Killjoy,4,2,1,0,1,0,0,0,0,85,2,0
378664,Lotus,Karon,GEN,Omen,2,1,0,0,0,0,0,0,0,29,3,0
378664,Lotus,Boo,TH,Fade,5,0,0,0,0,1,0,0,0,54,2,0
378664,Lotus,RieNs,TH,Viper,3,2,0,0,1,0,0,0,0,53,5,0
378664,Lotus,MiniBoo,TH,Raze,3,0,0,0,0,0,0,0,0,46,1,0
378664,Lotus,Wo0t,TH,Omen,4,2,0,0,0,1,0,0,0,52,1,0
378664,Lotus,benjyfishy,TH,Killjoy,3,1,0,0,2,0,0,0,0,46,2,1
378664,Bind,Lakia,GEN,Skye,0,0,0,0,0,0,0,0,0,15,3,0
378664,Bind,Munchkin,GEN,Viper,2,0,0,0,0,0,0,0,0,52,1,0
378664,Bind,t3xture,GEN,Raze,2,0,0,0,0,0,0,0,0,43,1,1
378664,Bind,Meteor,GEN,Cypher,5,0,1,0,0,0,0,0,0,65,1,0
378664,Bind,Karon,GEN,Brimstone,3,1,2,0,0,0,0,0,0,59,1,0
378664,Bind,Boo,TH,Astra,3,0,0,0,0,0,0,0,0,52,2,0
378664,Bind,RieNs,TH,Gekko,3,1,1,0,0,1,0,0,0,71,5,1
378664,Bind,MiniBoo,TH,Yoru,2,1,0,0,0,0,0,0,0,36,0,0
378664,Bind,Wo0t,TH,Skye,2,0,0,0,1,1,0,0,0,40,2,0
378664,Bind,benjyfishy,TH,Viper,2,1,1,0,0,0,0,0,0,60,0,0
378658,Abyss,Boaster,FNC,Astra,1,0,0,0,1,0,0,0,0,24,1,0
378658,Abyss,Chronicle,FNC,Sova,2,1,0,0,0,0,0,0,0,43,0,1
378658,Abyss,Derke,FNC,Yoru,4,0,0,0,0,0,0,0,0,33,5,0
378658,Abyss,Alfajer,FNC,Killjoy,5,2,1,0,1,1,0,0,0,83,1,3
378658,Abyss,hiro,FNC,Viper,2,0,1,0,0,0,0,0,0,46,0,1
378658,Abyss,BuZz,DRX,Jett,4,3,0,0,0,0,0,0,0,77,0,1
378658,Abyss,MaKo,DRX,Omen,3,1,0,0,0,0,0,0,0,59,2,0
378658,Abyss,BeYN,DRX,Sova,3,1,0,0,0,0,0,0,0,48,3,0
378658,Abyss,Foxy9,DRX,Kayo,3,0,0,0,0,0,0,0,0,37,6,0
378658,Abyss,Flashback,DRX,Cypher,4,0,0,0,1,0,1,0,0,41,0,1
378658,Lotus,Boaster,FNC,Omen,4,0,0,0,0,0,0,0,0,45,0,0
378658,Lotus,Chronicle,FNC,Viper,2,0,0,0,0,0,0,0,0,40,0,0
378658,Lotus,Derke,FNC,Raze,4,1,0,0,0,0,0,0,0,64,0,0
378658,Lotus,Alfajer,FNC,Killjoy,3,2,0,0,1,1,0,0,0,71,2,2
378658,Lotus,hiro,FNC,Fade,1,0,0,0,0,0,0,0,0,35,0,0
378658,Lotus,BuZz,DRX,Raze,1,1,1,1,0,0,0,0,0,71,1,0
378658,Lotus,MaKo,DRX,Omen,5,0,0,0,1,0,0,0,0,66,3,1
378658,Lotus,BeYN,DRX,Fade,1,1,0,0,1,1,0,0,0,40,4,0
378658,Lotus,Foxy9,DRX,Chamber,1,0,0,0,0,0,0,0,0,38,0,0
378658,Lotus,Flashback,DRX,Viper,2,0,0,0,0,0,0,0,0,32,1,0
378670,Bind,C0M,LEV,Viper,4,1,0,0,1,0,0,0,0,55,0,0
378670,Bind,tex,LEV,Gekko,5,2,0,0,1,0,0,0,0,67,4,0
378670,Bind,Mazino,LEV,Skye,1,0,0,0,0,0,0,0,0,36,3,0
378670,Bind,aspas,LEV,Raze,2,2,0,0,0,0,0,0,0,62,0,0
378670,Bind,kiNgg,LEV,Brimstone,1,1,0,0,0,1,0,0,0,25,0,0
378670,Bind,Biank,TE,Skye,2,0,1,0,1,0,0,0,0,39,5,0
378670,Bind,LuoK1ng,TE,Brimstone,1,1,1,0,0,0,0,0,0,50,0,2
378670,Bind,heybay,TE,Deadlock,1,2,0,0,0,1,0,0,0,49,1,0
378670,Bind,FengF,TE,Raze,4,0,0,0,0,0,0,0,0,56,1,0
378670,Bind,Kai,TE,Cypher,4,2,0,0,0,0,0,0,0,48,0,0
378670,Sunset,C0M,LEV,Sova,2,0,1,0,0,0,0,0,0,75,3,0
378670,Sunset,tex,LEV,Cypher,4,1,1,0,0,1,0,0,0,49,0,1
378670,Sunset,Mazino,LEV,Breach,4,0,0,0,0,0,0,0,0,36,4,1
378670,Sunset,aspas,LEV,Neon,2,4,0,0,0,0,0,0,0,88,0,0
378670,Sunset,kiNgg,LEV,Omen,2,1,0,0,1,0,0,0,0,66,1,1
378670,Sunset,Biank,TE,Sova,1,2,0,0,1,0,0,0,0,38,3,2
378670,Sunset,LuoK1ng,TE,Omen,3,0,0,0,0,0,0,0,0,29,0,0
378670,Sunset,heybay,TE,Breach,2,1,0,0,1,0,0,0,0,59,4,1
378670,Sunset,FengF,TE,Raze,3,0,0,0,0,0,0,0,0,43,0,0
378670,Sunset,Kai,TE,Cypher,3,2,0,0,1,0,0,0,0,66,1,0
378670,Ascent,C0M,LEV,Sova,2,1,0,0,0,0,0,0,0,27,1,0
378670,Ascent,tex,LEV,Cypher,2,0,0,0,0,0,0,0,0,38,0,0
378670,Ascent,Mazino,LEV,Deadlock,4,0,0,0,0,0,0,0,0,40,5,1
378670,Ascent,aspas,LEV,Jett,1,2,0,0,0,0,0,0,0,41,1,0
378670,Ascent,kiNgg,LEV,Omen,4,0,1,0,0,1,0,0,0,69,1,2
378670,Ascent,Biank,TE,Sova,1,2,0,0,2,0,0,0,0,55,4,1
378670,Ascent,LuoK1ng,TE,Omen,4,0,0,0,0,0,0,0,0,55,1,0
378670,Ascent,heybay,TE,Kayo,2,0,0,0,0,0,0,0,0,37,1,0
378670,Ascent,FengF,TE,Killjoy,5,1,1,0,1,0,0,0,0,75,0,2
378670,Ascent,Kai,TE,Jett,5,2,0,0,0,0,0,0,0,110,0,2
378675,Icebox,nobody,EDG,Sova,0,0,0,0,0,0,0,0,0,29,1,0
378675,Icebox,ZmjjKK,EDG,Jett,2,1,1,0,0,0,0,0,0,47,0,0
378675,Icebox,Smoggy,EDG,Viper,2,2,0,0,0,1,0,0,0,53,1,0
378675,Icebox,S1Mon,EDG,Kayo,3,1,1,0,0,0,0,0,0,62,9,0
378675,Icebox,CHICHOO,EDG,Killjoy,5,1,0,0,0,0,0,0,0,67,0,1
378675,Icebox,valyn,G2,Harbor,2,2,0,0,0,0,0,0,0,56,0,0
378675,Icebox,JonahP,G2,Viper,1,1,1,0,1,0,0,0,0,64,0,1
378675,Icebox,leaf,G2,Killjoy,1,1,0,0,0,0,0,0,0,36,0,0
378675,Icebox,icy,G2,Gekko,1,1,1,0,0,1,0,0,0,71,5,1
378675,Icebox,trent,G2,Sova,1,0,0,0,0,0,0,0,0,35,1,0
378675,Haven,nobody,EDG,Sova,4,0,0,0,0,0,0,0,0,53,1,0
378675,Haven,ZmjjKK,EDG,Neon,4,4,0,0,0,0,0,0,0,65,0,0
378675,Haven,Smoggy,EDG,Omen,2,0,0,0,0,0,0,0,0,41,2,0
378675,Haven,S1Mon,EDG,Breach,3,2,0,0,0,0,0,0,0,44,5,1
378675,Haven,CHICHOO,EDG,Cypher,2,0,0,0,0,0,0,0,0,32,0,0
378675,Haven,valyn,G2,Omen,5,0,0,0,0,0,0,0,0,66,2,0
378675,Haven,JonahP,G2,Viper,1,1,0,0,0,1,0,0,0,34,1,1
378675,Haven,leaf,G2,Killjoy,1,2,0,0,0,0,0,0,0,53,0,0
378675,Haven,icy,G2,Yoru,1,1,0,0,0,0,0,0,0,36,2,1
378675,Haven,trent,G2,Sova,1,2,1,0,0,1,0,0,0,59,1,1
378675,Bind,nobody,EDG,Gekko,0,0,0,0,0,0,0,0,0,37,8,0
378675,Bind,ZmjjKK,EDG,Raze,0,1,0,0,0,0,0,0,0,39,0,0
378675,Bind,Smoggy,EDG,Brimstone,2,1,1,0,0,1,0,0,0,62,2,0
378675,Bind,S1Mon,EDG,Fade,6,1,1,0,0,1,0,0,0,66,0,0
378675,Bind,CHICHOO,EDG,Viper,2,2,0,0,0,1,0,0,0,55,1,0
378675,Bind,valyn,G2,Brimstone,1,3,1,0,0,1,0,0,0,54,2,0
378675,Bind,JonahP,G2,Skye,0,1,0,0,0,0,0,0,0,36,0,0
378675,Bind,leaf,G2,Viper,3,1,0,0,0,0,0,0,0,51,0,1
378675,Bind,icy,G2,Raze,2,0,3,0,0,0,0,0,0,60,0,1
378675,Bind,trent,G2,Gekko,4,2,0,0,0,0,0,0,0,50,7,1
378665,Bind,TenZ,SEN,Gekko,3,1,0,0,0,0,0,0,0,66,4,0
378665,Bind,Sacy,SEN,Fade,0,2,0,0,0,0,0,0,0,56,1,0
378665,Bind,Zellsis,SEN,Brimstone,3,2,0,0,0,0,0,0,0,40,1,0
378665,Bind,johnqt,SEN,Viper,1,1,1,0,0,1,0,0,0,57,0,3
378665,Bind,zekken,SEN,Raze,2,3,0,0,0,1,0,0,0,66,1,0
378665,Bind,Autumn,FPX,Chamber,3,2,0,0,0,0,0,0,0,55,0,1
378665,Bind,Life,FPX,Yoru,3,1,0,0,0,0,0,0,0,44,1,0
378665,Bind,BerLIN,FPX,Omen,3,0,0,0,0,0,0,0,0,53,1,1
378665,Bind,AAAAY,FPX,Fade,2,0,0,0,0,0,0,0,0,46,1,1
378665,Bind,Lysoar,FPX,Viper,1,0,0,0,0,0,0,0,0,29,0,0
378665,Lotus,TenZ,SEN,Omen,5,1,0,0,0,0,0,0,0,73,2,0
378665,Lotus,Sacy,SEN,Fade,2,1,0,0,1,0,0,0,0,64,3,0
378665,Lotus,Zellsis,SEN,Killjoy,3,0,0,0,0,0,0,0,0,55,0,1
378665,Lotus,johnqt,SEN,Viper,2,1,0,0,0,1,0,0,0,70,1,2
378665,Lotus,zekken,SEN,Raze,5,1,0,0,0,0,0,0,0,87,0,2
378665,Lotus,Autumn,FPX,Chamber,1,0,1,0,0,0,0,0,0,42,2,1
378665,Lotus,Life,FPX,Viper,3,0,0,0,0,0,0,0,0,35,0,0
378665,Lotus,BerLIN,FPX,Breach,3,0,1,0,0,0,0,0,0,48,0,0
378665,Lotus,AAAAY,FPX,Gekko,1,0,0,0,0,0,0,0,0,25,6,0
378665,Lotus,Lysoar,FPX,Omen,1,0,0,0,0,0,0,0,0,23,0,1
378659,Lotus,Flex1n,BLG,Omen,3,0,0,0,0,0,0,0,0,63,2,0
378659,Lotus,Knight,BLG,Breach,2,1,1,0,1,0,0,0,0,44,1,0
378659,Lotus,whzy,BLG,Neon,1,2,0,0,0,0,0,0,0,48,1,0
378659,Lotus,yosemite,BLG,Viper,0,0,0,0,0,0,0,0,0,23,2,0
378659,Lotus,nephh,BLG,Fade,1,0,1,0,0,0,0,0,0,39,4,0
378659,Lotus,Melser,KRÜ,Omen,1,1,0,0,0,0,0,0,0,46,1,0
378659,Lotus,keznit,KRÜ,Raze,2,0,0,0,0,0,0,0,0,76,2,2
378659,Lotus,heat,KRÜ,Fade,4,0,0,0,0,0,0,0,0,76,5,0
378659,Lotus,Shyy,KRÜ,Killjoy,7,1,0,0,0,0,0,0,0,71,0,0
378659,Lotus,mta,KRÜ,Viper,1,1,0,0,0,0,0,0,0,48,0,1
378659,Icebox,Flex1n,BLG,Viper,3,0,1,0,2,0,0,0,0,65,1,0
378659,Icebox,Knight,BLG,Sage,1,0,0,0,0,0,0,0,0,29,6,0
378659,Icebox,whzy,BLG,Jett,4,0,0,0,0,0,0,0,0,52,0,0
378659,Icebox,yosemite,BLG,Killjoy,4,0,0,0,0,0,0,0,0,47,0,0
378659,Icebox,nephh,BLG,Kayo,0,1,0,0,0,0,0,0,0,32,0,0
378659,Icebox,Melser,KRÜ,Viper,1,0,0,0,0,0,0,0,0,32,0,0
378659,Icebox,keznit,KRÜ,Jett,4,0,0,0,0,0,0,0,0,54,0,1
378659,Icebox,heat,KRÜ,Gekko,3,1,0,0,0,1,0,0,0,85,4,3
378659,Icebox,Shyy,KRÜ,Killjoy,3,1,0,0,0,0,0,0,0,66,0,1
378659,Icebox,mta,KRÜ,Sova,1,2,1,0,0,0,0,0,0,73,0,0
378671,Lotus,Crws,TLN,Fade,2,0,0,0,0,0,0,0,0,46,2,0
378671,Lotus,Governor,TLN,Raze,2,1,0,0,0,0,0,0,0,43,0,0
378671,Lotus,ban,TLN,Deadlock,2,0,0,0,0,0,0,0,0,47,0,1
378671,Lotus,JitBoyS,TLN,Omen,2,1,0,0,1,0,0,0,0,46,0,1
378671,Lotus,primmie,TLN,Clove,0,2,0,0,1,0,0,0,0,52,2,0
378671,Lotus,Sayf,VIT,Raze,1,0,1,0,0,0,0,0,0,46,0,1
378671,Lotus,trexx,VIT,Fade,3,2,0,0,0,1,0,0,0,77,1,0
378671,Lotus,ceNder,VIT,Omen,1,1,0,0,0,0,0,0,0,47,0,0
378671,Lotus,Kicks,VIT,Breach,5,0,0,0,1,1,0,0,0,82,11,0
378671,Lotus,runneR,VIT,Cypher,2,1,0,0,0,0,0,0,0,39,0,0
378671,Sunset,Crws,TLN,Fade,3,0,0,0,0,1,0,0,0,41,2,1
378671,Sunset,Governor,TLN,Deadlock,4,0,0,0,0,0,0,0,0,46,1,0
378671,Sunset,ban,TLN,Cypher,3,1,0,0,0,1,0,0,0,59,0,1
378671,Sunset,JitBoyS,TLN,Omen,1,0,0,0,0,0,0,0,0,42,0,0
378671,Sunset,primmie,TLN,Raze,2,4,0,0,1,0,0,0,0,72,0,0
378671,Sunset,Sayf,VIT,Neon,1,3,1,0,2,0,0,0,0,71,1,0
378671,Sunset,trexx,VIT,Sova,0,1,0,0,0,0,0,0,0,43,1,0
378671,Sunset,ceNder,VIT,Omen,2,1,1,0,1,0,0,0,0,45,0,1
378671,Sunset,Kicks,VIT,Kayo,5,1,0,0,0,1,0,0,0,51,5,0
378671,Sunset,runneR,VIT,Cypher,2,1,1,0,0,0,0,0,0,66,1,0
378676,Sunset,cNed,FUT,Raze,2,2,1,0,0,0,0,0,0,65,0,0
378676,Sunset,qRaxs,FUT,Gekko,3,1,0,0,0,0,0,0,0,48,4,3
378676,Sunset,AtaKaptan,FUT,Omen,4,0,0,0,0,0,0,0,0,49,1,0
378676,Sunset,MrFaliN,FUT,Breach,4,0,0,0,1,0,0,0,0,44,5,1
378676,Sunset,yetujey,FUT,Cypher,4,2,0,0,0,0,0,0,0,60,0,0
378676,Sunset,Jinggg,PRX,Raze,4,1,0,0,0,0,0,0,0,56,1,0
378676,Sunset,mindfreak,PRX,Omen,3,3,0,0,0,0,0,0,0,62,1,0
378676,Sunset,f0rsakeN,PRX,Breach,2,0,0,0,1,0,0,0,0,33,2,1
378676,Sunset,d4v41,PRX,Sage,3,2,0,0,0,1,1,0,0,54,1,1
378676,Sunset,something,PRX,Gekko,3,0,0,0,0,0,0,0,0,59,6,2
378676,Bind,cNed,FUT,Raze,0,1,1,0,0,0,0,0,0,52,0,0
378676,Bind,qRaxs,FUT,Fade,2,0,0,0,1,0,0,0,0,25,0,1
378676,Bind,AtaKaptan,FUT,Brimstone,0,1,0,0,0,0,0,0,0,36,0,0
378676,Bind,MrFaliN,FUT,Gekko,3,1,0,0,0,0,0,0,0,43,4,0
378676,Bind,yetujey,FUT,Viper,3,1,0,0,0,0,0,0,0,64,0,1
378676,Bind,Jinggg,PRX,Raze,2,2,0,0,0,0,0,0,0,59,0,0
378676,Bind,mindfreak,PRX,Brimstone,4,0,0,0,0,0,0,0,0,54,0,0
378676,Bind,f0rsakeN,PRX,Fade,1,1,0,0,1,0,0,0,0,51,0,0
378676,Bind,d4v41,PRX,Viper,2,1,0,0,0,1,0,0,0,72,2,1
378676,Bind,something,PRX,Gekko,2,0,0,0,0,0,0,0,0,46,4,0
378666,Lotus,Lakia,GEN,Fade,0,0,0,0,1,0,0,0,0,21,4,0
378666,Lotus,Munchkin,GEN,Viper,3,2,1,0,0,0,0,0,0,82,0,0
378666,Lotus,t3xture,GEN,Raze,3,0,2,0,0,1,0,0,0,70,0,0
378666,Lotus,Meteor,GEN,Killjoy,2,1,0,0,0,0,0,0,0,38,0,0
378666,Lotus,Karon,GEN,Omen,1,0,0,0,0,0,0,0,0,41,2,0
378666,Lotus,TenZ,SEN,Omen,2,0,0,0,0,0,0,0,0,48,3,0
378666,Lotus,Sacy,SEN,Fade,3,0,0,0,0,0,0,0,0,41,0,1
378666,Lotus,Zellsis,SEN,Killjoy,1,3,0,0,0,0,0,0,0,58,2,0
378666,Lotus,johnqt,SEN,Viper,3,0,0,0,1,0,0,0,0,49,1,1
378666,Lotus,zekken,SEN,Raze,4,1,1,0,0,0,0,0,0,57,1,0
378666,Icebox,Lakia,GEN,Gekko,0,0,0,0,0,0,0,0,0,27,6,0
378666,Icebox,Munchkin,GEN,Kayo,2,1,0,0,1,0,0,0,0,41,1,0
378666,Icebox,t3xture,GEN,Jett,5,0,0,1,0,0,1,0,0,65,3,0
378666,Icebox,Meteor,GEN,Killjoy,2,2,0,0,0,0,0,0,0,49,0,0
378666,Icebox,Karon,GEN,Viper,0,0,0,0,0,0,0,0,0,31,1,0
378666,Icebox,TenZ,SEN,Kayo,3,2,0,0,0,0,0,0,0,63,0,0
378666,Icebox,Sacy,SEN,Sova,2,3,0,0,1,0,0,0,0,70,4,2
378666,Icebox,Zellsis,SEN,Killjoy,1,0,0,0,2,0,0,0,0,43,0,3
378666,Icebox,johnqt,SEN,Viper,2,0,0,0,0,0,0,0,0,42,2,1
378666,Icebox,zekken,SEN,Jett,4,1,0,0,0,0,0,0,0,64,0,0
378660,Sunset,Boaster,FNC,Astra,6,0,0,0,1,0,0,0,0,56,1,1
378660,Sunset,Chronicle,FNC,Sova,1,3,2,0,0,0,0,0,0,77,1,0
378660,Sunset,Derke,FNC,Raze,4,0,0,0,0,0,0,0,0,49,1,0
378660,Sunset,Alfajer,FNC,Breach,6,0,0,0,0,1,0,0,0,64,6,0
378660,Sunset,hiro,FNC,Cypher,4,1,0,0,0,0,0,0,0,64,0,0
378660,Sunset,Melser,KRÜ,Omen,2,1,0,0,0,0,1,0,0,38,4,1
378660,Sunset,keznit,KRÜ,Neon,5,1,1,0,1,0,0,0,0,64,0,0
378660,Sunset,heat,KRÜ,Breach,4,1,0,0,1,0,0,0,0,41,0,0
378660,Sunset,Shyy,KRÜ,Cypher,1,1,1,0,1,0,0,0,0,59,0,0
378660,Sunset,mta,KRÜ,Sova,1,0,1,0,0,1,0,0,0,30,5,0
378660,Haven,Boaster,FNC,Omen,4,1,0,0,0,0,0,0,0,53,4,0
378660,Haven,Chronicle,FNC,Sova,1,0,0,0,1,0,0,0,0,70,3,0
378660,Haven,Derke,FNC,Yoru,3,3,0,0,1,0,0,0,0,60,2,1
378660,Haven,Alfajer,FNC,Iso,5,0,0,0,0,0,0,0,0,55,0,1
378660,Haven,hiro,FNC,Cypher,1,1,0,0,0,0,0,0,0,34,0,0
378660,Haven,Melser,KRÜ,Omen,2,1,0,0,0,0,0,0,0,37,3,0
378660,Haven,keznit,KRÜ,Neon,2,2,0,0,0,0,0,0,0,49,2,0
378660,Haven,heat,KRÜ,Breach,0,1,0,0,0,0,0,0,0,34,2,1
378660,Haven,Shyy,KRÜ,Cypher,5,0,0,0,1,0,0,0,0,46,0,1
378660,Haven,mta,KRÜ,Sova,3,0,0,0,0,0,0,0,0,42,1,0
378660,Lotus,Boaster,FNC,Omen,1,0,0,0,0,0,0,0,0,25,0,0
378660,Lotus,Chronicle,FNC,Viper,1,1,1,0,0,1,0,0,0,60,2,0
378660,Lotus,Derke,FNC,Raze,4,5,0,0,3,0,0,0,0,96,0,1
378660,Lotus,Alfajer,FNC,Killjoy,0,0,0,0,0,0,0,0,0,32,1,2
378660,Lotus,hiro,FNC,Fade,7,0,0,0,0,0,0,0,0,54,2,1
378660,Lotus,Melser,KRÜ,Omen,2,0,0,0,0,0,0,0,0,54,2,0
378660,Lotus,keznit,KRÜ,Raze,3,0,0,0,0,0,0,0,0,74,3,0
378660,Lotus,heat,KRÜ,Fade,2,0,0,0,0,0,0,0,0,42,1,0
378660,Lotus,Shyy,KRÜ,Killjoy,2,1,0,0,0,0,0,0,0,60,0,0
378660,Lotus,mta,KRÜ,Viper,3,0,0,0,0,0,0,0,0,45,2,0
378672,Icebox,C0M,LEV,Sova,3,1,0,0,0,0,0,0,0,54,1,1
378672,Icebox,tex,LEV,Killjoy,3,1,0,0,0,0,0,0,0,35,0,0
378672,Icebox,Mazino,LEV,Harbor,5,1,0,0,1,1,0,0,0,46,3,1
378672,Icebox,aspas,LEV,Jett,5,0,1,0,0,0,0,0,0,58,1,0
378672,Icebox,kiNgg,LEV,Viper,3,2,0,0,0,0,0,0,0,57,2,1
378672,Icebox,Sayf,VIT,Jett,5,1,0,0,0,0,0,0,0,43,0,0
378672,Icebox,trexx,VIT,Sova,1,4,0,0,0,0,0,0,0,55,0,1
378672,Icebox,ceNder,VIT,Viper,4,1,0,0,0,0,0,0,0,59,1,1
378672,Icebox,Kicks,VIT,Gekko,6,0,0,0,0,0,0,0,0,50,6,0
378672,Icebox,runneR,VIT,Killjoy,2,0,0,0,0,0,0,0,0,48,1,0
378672,Sunset,C0M,LEV,Sova,1,1,0,1,0,1,0,0,0,81,0,2
378672,Sunset,tex,LEV,Cypher,5,1,0,0,0,0,0,0,0,54,0,0
378672,Sunset,Mazino,LEV,Breach,2,0,1,0,1,0,0,0,0,68,2,0
378672,Sunset,aspas,LEV,Neon,3,0,1,0,1,0,0,0,0,55,1,1
378672,Sunset,kiNgg,LEV,Omen,1,1,0,0,0,0,0,0,0,58,0,0
378672,Sunset,Sayf,VIT,Neon,4,1,0,0,0,0,0,0,0,61,0,0
378672,Sunset,trexx,VIT,Sova,3,0,0,0,0,0,0,0,0,49,0,0
378672,Sunset,ceNder,VIT,Omen,2,0,0,0,0,0,0,0,0,32,1,0
378672,Sunset,Kicks,VIT,Kayo,1,0,0,0,0,1,0,0,0,33,4,0
378672,Sunset,runneR,VIT,Cypher,2,1,0,0,0,0,0,0,0,52,0,0
378677,Icebox,nobody,EDG,Sova,1,0,0,0,0,0,0,0,0,37,1,0
378677,Icebox,ZmjjKK,EDG,Jett,1,0,0,0,0,0,0,0,0,49,0,0
378677,Icebox,Smoggy,EDG,Viper,3,1,0,0,0,0,0,0,0,65,0,0
378677,Icebox,S1Mon,EDG,Kayo,2,0,0,0,0,0,0,0,0,55,0,1
378677,Icebox,CHICHOO,EDG,Killjoy,4,0,0,0,0,0,0,0,0,70,0,1
378677,Icebox,Jinggg,PRX,Sage,2,0,0,0,0,0,0,0,0,30,9,0
378677,Icebox,mindfreak,PRX,Viper,1,2,0,0,0,0,1,0,0,52,0,0
378677,Icebox,f0rsakeN,PRX,Sova,4,3,0,0,1,0,0,0,0,89,0,0
378677,Icebox,d4v41,PRX,Killjoy,2,0,0,0,0,1,0,0,0,52,1,1
378677,Icebox,something,PRX,Jett,5,0,1,0,0,0,0,0,0,79,1,0
378677,Sunset,nobody,EDG,Sova,3,1,1,0,0,0,0,0,0,62,1,1
378677,Sunset,ZmjjKK,EDG,Neon,4,2,0,0,0,0,0,0,0,57,1,0
378677,Sunset,Smoggy,EDG,Omen,2,0,1,0,0,0,0,0,0,65,0,0
378677,Sunset,S1Mon,EDG,Kayo,1,1,0,0,1,0,0,0,0,42,5,1
378677,Sunset,CHICHOO,EDG,Cypher,3,0,0,0,0,0,0,0,0,84,1,1
378677,Sunset,Jinggg,PRX,Raze,2,1,0,0,0,1,0,0,0,42,0,0
378677,Sunset,mindfreak,PRX,Omen,3,0,1,0,0,1,0,0,0,70,0,0
378677,Sunset,f0rsakeN,PRX,Breach,0,0,0,0,0,0,0,0,0,15,1,0
378677,Sunset,d4v41,PRX,Sage,4,1,0,0,0,0,0,0,0,51,0,1
378677,Sunset,something,PRX,Gekko,2,1,0,0,0,0,0,0,0,57,4,1
378677,Lotus,nobody,EDG,Fade,2,2,0,0,0,0,0,0,0,57,5,0
378677,Lotus,ZmjjKK,EDG,Neon,2,0,0,0,0,0,0,0,0,33,0,0
378677,Lotus,Smoggy,EDG,Clove,1,2,2,0,0,1,0,0,0,97,0,1
378677,Lotus,S1Mon,EDG,Breach,2,0,0,0,0,0,0,0,0,44,4,0
378677,Lotus,CHICHOO,EDG,Omen,2,1,0,0,0,0,0,0,0,52,0,0
378677,Lotus,Jinggg,PRX,Raze,3,0,0,0,0,0,0,0,0,81,1,0
378677,Lotus,mindfreak,PRX,Omen,1,0,0,0,0,0,0,0,0,33,0,0
378677,Lotus,f0rsakeN,PRX,Cypher,1,1,1,0,1,0,0,0,0,53,0,1
378677,Lotus,d4v41,PRX,Skye,1,0,0,0,0,0,0,0,0,31,1,1
378677,Lotus,something,PRX,Jett,2,0,0,0,0,0,0,0,0,36,0,0
378822,Sunset,BuZz,DRX,Neon,4,0,1,0,0,0,0,0,0,42,0,0
378822,Sunset,MaKo,DRX,Omen,1,1,0,0,0,0,1,0,0,41,1,0
378822,Sunset,BeYN,DRX,Sova,2,1,1,0,0,0,0,0,0,37,1,0
378822,Sunset,Foxy9,DRX,Breach,4,1,0,0,1,0,0,0,0,48,8,1
378822,Sunset,Flashback,DRX,Cypher,8,0,0,0,1,0,0,0,0,58,0,0
378822,Sunset,TenZ,SEN,Omen,3,2,0,0,0,0,0,0,0,53,1,0
378822,Sunset,Sacy,SEN,Fade,3,1,1,0,1,0,0,0,0,38,2,0
378822,Sunset,Zellsis,SEN,Breach,4,1,0,0,2,0,0,0,0,42,6,1
378822,Sunset,johnqt,SEN,Cypher,1,1,1,0,0,0,0,0,0,35,0,1
378822,Sunset,zekken,SEN,Neon,7,1,0,1,0,0,0,0,0,53,0,1
378822,Haven,BuZz,DRX,Jett,3,1,0,0,1,0,0,0,0,41,0,1
378822,Haven,MaKo,DRX,Omen,4,1,0,0,0,1,0,0,0,58,1,1
378822,Haven,BeYN,DRX,Sova,0,0,0,0,0,0,0,0,0,40,1,0
378822,Haven,Foxy9,DRX,Breach,1,0,0,0,0,0,0,0,0,43,4,0
378822,Haven,Flashback,DRX,Cypher,4,1,0,0,0,0,0,0,0,59,0,0
378822,Haven,TenZ,SEN,Omen,1,2,0,0,0,0,0,0,0,46,1,0
378822,Haven,Sacy,SEN,Sova,1,1,0,0,1,0,0,0,0,62,0,2
378822,Haven,Zellsis,SEN,Breach,5,1,0,0,0,0,0,0,0,67,6,2
378822,Haven,johnqt,SEN,Cypher,1,0,0,0,0,0,0,0,0,26,0,0
378822,Haven,zekken,SEN,Neon,6,3,0,0,1,0,0,0,0,75,0,0
378823,Bind,Biank,TE,Skye,2,0,0,0,1,0,0,0,0,27,4,0
378823,Bind,LuoK1ng,TE,Brimstone,2,1,0,0,0,0,0,0,0,49,0,0
378823,Bind,heybay,TE,Deadlock,1,0,0,0,0,0,0,0,0,35,0,0
378823,Bind,FengF,TE,Raze,1,1,0,0,0,0,0,0,0,42,1,0
378823,Bind,Kai,TE,Cypher,3,1,0,0,0,0,0,0,0,47,1,0
378823,Bind,nobody,EDG,Gekko,5,2,0,0,0,0,0,0,0,91,8,0
378823,Bind,ZmjjKK,EDG,Raze,0,1,2,0,0,1,0,0,0,82,0,0
378823,Bind,Smoggy,EDG,Brimstone,5,1,0,0,0,0,0,0,0,72,1,0
378823,Bind,S1Mon,EDG,Fade,0,0,0,0,0,0,0,0,0,18,2,0
378823,Bind,CHICHOO,EDG,Viper,1,1,0,0,0,0,0,0,0,42,0,1
378823,Sunset,Biank,TE,Sova,1,2,0,0,0,0,0,0,0,44,1,2
378823,Sunset,LuoK1ng,TE,Omen,1,1,1,0,0,0,0,0,0,54,2,0
378823,Sunset,heybay,TE,Breach,4,0,0,1,0,0,0,0,0,48,2,1
378823,Sunset,FengF,TE,Raze,1,1,0,0,0,0,0,0,0,41,0,0
378823,Sunset,Kai,TE,Cypher,3,2,0,0,0,0,0,0,0,62,0,0
378823,Sunset,nobody,EDG,Sova,2,0,1,0,0,0,0,0,0,50,2,0
378823,Sunset,ZmjjKK,EDG,Neon,1,2,2,1,0,0,0,0,0,78,0,0
378823,Sunset,Smoggy,EDG,Omen,1,0,0,0,0,0,0,0,0,28,0,1
378823,Sunset,S1Mon,EDG,Kayo,2,0,0,0,1,0,0,0,0,46,4,1
378823,Sunset,CHICHOO,EDG,Cypher,4,1,1,0,0,0,0,0,0,59,0,1
378824,Icebox,valyn,G2,Harbor,2,3,0,0,0,0,1,0,0,43,1,1
378824,Icebox,JonahP,G2,Viper,6,0,0,0,0,0,0,0,0,43,2,0
378824,Icebox,leaf,G2,Killjoy,6,3,0,0,0,1,0,0,0,56,0,1
378824,Icebox,icy,G2,Gekko,3,1,0,0,0,0,0,0,0,33,10,0
378824,Icebox,trent,G2,Sova,4,1,0,0,0,0,0,0,0,47,1,1
378824,Icebox,C0M,LEV,Sova,2,1,0,0,1,0,0,0,0,58,4,2
378824,Icebox,tex,LEV,Killjoy,6,0,1,0,0,1,0,0,0,47,1,0
378824,Icebox,Mazino,LEV,Harbor,3,2,0,0,0,0,0,0,0,37,7,0
378824,Icebox,aspas,LEV,Jett,4,1,0,0,0,1,0,0,0,45,0,2
378824,Icebox,kiNgg,LEV,Viper,2,0,0,0,1,0,0,0,0,37,2,0
378824,Abyss,valyn,G2,Astra,0,0,1,0,0,1,0,0,0,27,0,0
378824,Abyss,JonahP,G2,Viper,1,0,2,0,0,0,0,0,0,51,1,0
378824,Abyss,leaf,G2,Killjoy,1,1,0,0,0,0,0,0,0,48,0,0
378824,Abyss,icy,G2,Yoru,2,0,0,0,1,1,0,0,0,36,2,1
378824,Abyss,trent,G2,Sova,3,0,0,0,0,0,0,0,0,48,7,0
378824,Abyss,C0M,LEV,Sova,4,1,0,0,0,0,0,0,0,92,0,1
378824,Abyss,tex,LEV,Cypher,0,0,0,0,0,0,0,0,0,28,0,0
378824,Abyss,Mazino,LEV,Harbor,0,0,2,0,0,0,0,0,0,52,5,2
378824,Abyss,aspas,LEV,Jett,5,1,0,0,1,0,0,0,0,61,0,2
378824,Abyss,kiNgg,LEV,Omen,4,0,1,0,0,0,0,0,0,71,0,1
378825,Lotus,Boo,TH,Fade,3,0,0,0,0,0,0,0,0,55,0,0
378825,Lotus,RieNs,TH,Viper,2,0,0,0,0,0,0,0,0,70,0,0
378825,Lotus,MiniBoo,TH,Raze,2,1,0,0,1,0,0,0,0,51,2,0
378825,Lotus,Wo0t,TH,Omen,7,0,0,0,0,0,0,0,0,83,1,3
378825,Lotus,benjyfishy,TH,Killjoy,2,1,0,0,0,1,0,0,0,53,0,2
378825,Lotus,Boaster,FNC,Omen,0,0,0,0,0,0,0,0,0,22,4,0
378825,Lotus,Chronicle,FNC,Viper,0,0,0,0,0,0,0,0,0,35,0,0
378825,Lotus,Derke,FNC,Raze,3,1,0,0,0,0,0,0,0,62,1,0
378825,Lotus,Alfajer,FNC,Killjoy,0,0,0,0,0,0,0,0,0,37,1,0
378825,Lotus,hiro,FNC,Fade,2,0,0,0,0,0,0,0,0,44,2,0
378825,Abyss,Boo,TH,Astra,1,0,0,0,1,0,1,0,0,33,1,0
378825,Abyss,RieNs,TH,Sova,4,1,2,0,1,1,0,0,0,67,0,0
378825,Abyss,MiniBoo,TH,Jett,2,2,0,0,0,1,0,0,0,36,1,0
378825,Abyss,Wo0t,TH,Gekko,2,0,0,0,0,0,0,0,0,28,11,1
378825,Abyss,benjyfishy,TH,Cypher,4,1,0,0,0,0,0,0,0,40,0,1
378825,Abyss,Boaster,FNC,Astra,2,0,0,0,0,0,0,0,0,14,0,1
378825,Abyss,Chronicle,FNC,Sova,3,1,0,0,0,0,0,0,0,64,5,1
378825,Abyss,Derke,FNC,Yoru,7,2,0,0,0,1,0,0,0,68,3,1
378825,Abyss,Alfajer,FNC,Killjoy,3,0,0,0,0,0,0,0,0,54,2,0
378825,Abyss,hiro,FNC,Viper,5,2,0,0,0,0,1,0,0,56,1,0
378831,Lotus,BuZz,DRX,Raze,3,1,1,0,0,0,0,0,0,73,0,0
378831,Lotus,MaKo,DRX,Omen,2,0,0,0,0,0,0,0,0,42,2,0
378831,Lotus,BeYN,DRX,Fade,1,3,0,0,0,0,0,0,0,53,8,0
378831,Lotus,Foxy9,DRX,Chamber,1,0,1,0,0,0,0,0,0,53,0,0
378831,Lotus,Flashback,DRX,Viper,1,1,0,0,0,0,0,0,0,83,0,0
378831,Lotus,Biank,TE,Fade,0,0,1,0,0,0,0,0,0,43,0,0
378831,Lotus,LuoK1ng,TE,Omen,1,0,0,0,0,0,0,0,0,41,0,0
378831,Lotus,heybay,TE,Viper,1,0,0,0,0,0,0,0,0,46,1,0
378831,Lotus,FengF,TE,Raze,6,0,0,0,0,0,0,0,0,80,0,0
378831,Lotus,Kai,TE,Killjoy,0,0,0,0,0,0,0,0,0,35,0,0
378831,Abyss,BuZz,DRX,Jett,1,3,0,0,1,0,0,0,0,58,0,1
378831,Abyss,MaKo,DRX,Omen,3,0,0,0,0,0,0,0,0,35,1,1
378831,Abyss,BeYN,DRX,Sova,6,0,0,0,1,0,0,0,1,66,0,2
378831,Abyss,Foxy9,DRX,Kayo,2,0,1,0,1,0,0,0,0,64,3,1
378831,Abyss,Flashback,DRX,Cypher,2,1,0,0,0,0,0,0,0,38,0,1
378831,Abyss,Biank,TE,Sova,0,0,0,0,0,0,0,0,0,32,3,0
378831,Abyss,LuoK1ng,TE,Astra,2,1,1,0,0,0,0,0,0,68,1,0
378831,Abyss,heybay,TE,Kayo,1,0,0,0,0,0,0,0,0,44,1,0
378831,Abyss,FengF,TE,Cypher,0,1,0,0,0,0,0,0,0,49,1,0
378831,Abyss,Kai,TE,Jett,1,2,1,0,0,0,0,0,0,56,3,0
378832,Haven,valyn,G2,Omen,1,0,0,0,0,0,0,0,0,47,4,0
378832,Haven,JonahP,G2,Viper,2,1,0,0,0,0,0,0,0,39,1,0
378832,Haven,leaf,G2,Killjoy,2,0,0,0,0,0,0,0,0,41,1,0
378832,Haven,icy,G2,Yoru,1,0,0,0,0,0,0,0,0,23,0,0
378832,Haven,trent,G2,Sova,2,0,0,0,0,0,0,0,0,56,2,0
378832,Haven,Boaster,FNC,Omen,0,0,0,0,0,0,0,0,0,17,1,0
378832,Haven,Chronicle,FNC,Sova,3,0,0,0,0,0,0,0,0,61,1,1
378832,Haven,Derke,FNC,Yoru,3,1,0,0,0,0,0,0,0,66,0,1
378832,Haven,Alfajer,FNC,Iso,4,3,0,0,0,0,0,0,0,100,0,3
378832,Haven,hiro,FNC,Cypher,3,1,0,0,0,0,0,0,0,70,1,0
378832,Bind,valyn,G2,Brimstone,2,2,0,0,1,0,0,0,0,48,1,0
378832,Bind,JonahP,G2,Skye,1,1,0,0,1,0,0,0,0,30,0,1
378832,Bind,leaf,G2,Viper,4,1,0,0,0,0,0,0,0,45,0,0
378832,Bind,icy,G2,Raze,3,1,0,0,0,1,0,0,0,49,0,1
378832,Bind,trent,G2,Gekko,1,1,0,0,1,0,0,0,0,49,9,0
378832,Bind,Boaster,FNC,Astra,2,0,0,0,1,0,0,0,0,29,0,0
378832,Bind,Chronicle,FNC,Viper,2,1,2,0,1,0,0,0,0,75,0,1
378832,Bind,Derke,FNC,Raze,6,1,0,0,1,0,0,0,0,71,0,1
378832,Bind,Alfajer,FNC,Gekko,7,0,0,0,0,0,0,0,0,54,10,1
378832,Bind,hiro,FNC,Fade,3,0,0,0,0,0,0,0,0,44,0,0
378826,Haven,TenZ,SEN,Omen,3,4,0,0,0,1,0,0,0,78,0,1
378826,Haven,Sacy,SEN,Sova,3,0,0,0,1,0,0,0,0,49,2,3
378826,Haven,Zellsis,SEN,Breach,1,0,0,0,0,0,0,0,0,29,6,0
378826,Haven,johnqt,SEN,Cypher,1,2,0,0,0,0,0,0,0,55,1,0
378826,Haven,zekken,SEN,Neon,5,2,0,0,0,0,0,0,0,68,1,1
378826,Haven,nobody,EDG,Sova,2,1,0,0,1,0,0,0,0,43,2,0
378826,Haven,ZmjjKK,EDG,Neon,5,1,1,0,0,0,0,0,0,65,0,0
378826,Haven,Smoggy,EDG,Omen,0,0,1,0,0,0,0,0,0,45,3,0
378826,Haven,S1Mon,EDG,Breach,3,0,1,0,0,0,0,0,0,62,5,2
378826,Haven,CHICHOO,EDG,Cypher,2,0,0,0,0,0,0,0,0,43,0,0
378826,Lotus,TenZ,SEN,Omen,3,0,0,0,0,0,0,0,0,43,1,0
378826,Lotus,Sacy,SEN,Fade,2,2,0,0,0,0,0,0,0,63,3,1
378826,Lotus,Zellsis,SEN,Killjoy,2,1,1,0,0,0,0,0,0,61,0,0
378826,Lotus,johnqt,SEN,Viper,4,0,0,0,1,0,0,0,0,51,3,2
378826,Lotus,zekken,SEN,Raze,3,1,0,0,0,0,0,0,0,56,0,1
378826,Lotus,nobody,EDG,Fade,2,0,1,0,1,0,0,0,0,43,3,2
378826,Lotus,ZmjjKK,EDG,Neon,1,1,0,0,0,0,0,0,0,49,0,1
378826,Lotus,Smoggy,EDG,Clove,1,3,0,0,0,0,0,0,0,54,0,0
378826,Lotus,S1Mon,EDG,Breach,2,1,0,0,2,0,0,0,0,54,6,1
378826,Lotus,CHICHOO,EDG,Omen,3,1,0,0,0,1,0,0,0,52,1,0
378826,Sunset,TenZ,SEN,Omen,4,1,1,0,0,0,0,0,0,75,1,0
378826,Sunset,Sacy,SEN,Fade,1,0,0,0,0,0,0,0,0,32,1,0
378826,Sunset,Zellsis,SEN,Breach,2,0,0,0,0,0,0,0,0,49,3,1
378826,Sunset,johnqt,SEN,Cypher,2,0,0,0,0,0,0,0,0,42,0,0
378826,Sunset,zekken,SEN,Neon,1,4,0,0,0,0,0,0,0,59,0,0
378826,Sunset,nobody,EDG,Sova,4,2,0,0,2,0,0,0,0,53,1,0
378826,Sunset,ZmjjKK,EDG,Neon,4,0,0,0,0,0,0,0,0,62,1,0
378826,Sunset,Smoggy,EDG,Omen,3,0,0,0,0,0,0,0,0,40,0,0
378826,Sunset,S1Mon,EDG,Kayo,1,0,0,0,0,0,0,0,0,27,9,0
378826,Sunset,CHICHOO,EDG,Cypher,4,3,0,0,1,0,0,0,0,87,0,1
378827,Icebox,C0M,LEV,Sova,5,1,0,0,1,0,0,0,0,48,1,2
378827,Icebox,tex,LEV,Killjoy,5,1,1,0,0,0,0,0,0,64,0,0
378827,Icebox,Mazino,LEV,Harbor,5,1,0,0,1,0,0,0,0,45,7,0
378827,Icebox,aspas,LEV,Jett,4,1,0,0,1,0,0,0,0,43,1,1
378827,Icebox,kiNgg,LEV,Viper,4,1,0,0,2,0,0,0,0,45,3,1
378827,Icebox,Boo,TH,Viper,7,0,0,0,2,0,0,0,0,63,0,2
378827,Icebox,RieNs,TH,Sova,6,0,0,0,0,0,0,0,0,41,1,0
378827,Icebox,MiniBoo,TH,Neon,5,0,1,0,0,0,0,0,0,53,1,0
378827,Icebox,Wo0t,TH,Gekko,2,0,0,0,0,0,0,0,0,37,9,0
378827,Icebox,benjyfishy,TH,Killjoy,7,1,0,0,0,0,0,0,0,45,0,1
378827,Lotus,C0M,LEV,Fade,2,0,0,0,1,0,0,0,0,46,1,1
378827,Lotus,tex,LEV,Cypher,1,1,0,0,0,1,0,0,0,40,0,1
378827,Lotus,Mazino,LEV,Breach,3,2,0,0,0,0,0,0,0,63,9,1
378827,Lotus,aspas,LEV,Raze,4,4,0,0,0,0,0,0,0,81,1,1
378827,Lotus,kiNgg,LEV,Omen,2,0,0,0,0,0,0,0,0,47,0,0
378827,Lotus,Boo,TH,Fade,1,0,0,0,0,0,0,0,0,38,8,0
378827,Lotus,RieNs,TH,Viper,2,1,0,0,0,0,0,0,0,57,0,0
378827,Lotus,MiniBoo,TH,Raze,5,0,0,0,0,0,0,0,0,51,0,2
378827,Lotus,Wo0t,TH,Omen,1,0,0,0,0,0,0,0,0,37,0,0
378827,Lotus,benjyfishy,TH,Killjoy,4,1,0,0,1,0,0,0,0,56,4,0
378834,Sunset,TenZ,SEN,Omen,1,0,1,0,0,0,0,0,0,37,2,0
378834,Sunset,Sacy,SEN,Gekko,3,2,0,0,0,1,0,0,0,61,7,2
378834,Sunset,Zellsis,SEN,Kayo,4,0,0,0,1,0,0,0,0,40,2,0
378834,Sunset,johnqt,SEN,Cypher,3,3,0,0,3,0,0,0,0,69,0,1
378834,Sunset,zekken,SEN,Raze,1,1,1,0,0,0,0,0,0,41,1,0
378834,Sunset,Boaster,FNC,Astra,3,0,0,0,0,0,0,0,0,36,1,0
378834,Sunset,Chronicle,FNC,Sova,4,1,0,0,0,0,0,0,0,73,0,2
378834,Sunset,Derke,FNC,Raze,6,0,0,0,0,0,0,0,0,68,3,1
378834,Sunset,Alfajer,FNC,Breach,3,2,0,0,0,0,0,0,0,62,6,0
378834,Sunset,hiro,FNC,Cypher,2,0,1,0,1,0,0,0,0,31,1,0
378834,Bind,TenZ,SEN,Gekko,2,0,0,0,0,1,0,0,0,42,9,0
378834,Bind,Sacy,SEN,Fade,2,1,0,0,0,1,0,0,0,39,0,1
378834,Bind,Zellsis,SEN,Brimstone,0,0,0,0,0,0,0,0,0,26,0,0
378834,Bind,johnqt,SEN,Viper,1,1,0,0,0,1,0,0,0,52,0,0
378834,Bind,zekken,SEN,Raze,4,0,1,0,0,0,0,0,0,60,2,0
378834,Bind,Boaster,FNC,Astra,1,0,0,0,0,0,0,0,0,37,0,2
378834,Bind,Chronicle,FNC,Viper,4,3,0,0,0,0,0,0,0,116,0,2
378834,Bind,Derke,FNC,Raze,5,2,0,0,0,0,0,0,0,65,0,0
378834,Bind,Alfajer,FNC,Gekko,2,0,0,0,0,0,0,0,0,42,7,0
378834,Bind,hiro,FNC,Fade,2,0,0,0,0,0,0,0,0,47,1,0
378834,Lotus,TenZ,SEN,Omen,1,1,0,0,0,0,0,0,0,37,2,1
378834,Lotus,Sacy,SEN,Fade,3,1,0,0,0,0,1,0,0,36,4,1
378834,Lotus,Zellsis,SEN,Killjoy,2,2,0,0,2,0,0,0,0,59,1,1
378834,Lotus,johnqt,SEN,Viper,4,0,0,0,0,0,0,0,0,62,1,1
378834,Lotus,zekken,SEN,Raze,4,1,1,0,0,1,0,0,0,71,0,0
378834,Lotus,Boaster,FNC,Omen,2,0,0,0,0,0,1,0,0,32,3,0
378834,Lotus,Chronicle,FNC,Viper,0,2,0,0,0,0,0,0,0,66,2,0
378834,Lotus,Derke,FNC,Raze,4,2,0,0,0,0,0,0,0,53,0,0
378834,Lotus,Alfajer,FNC,Killjoy,3,0,0,0,1,0,0,0,0,47,0,0
378834,Lotus,hiro,FNC,Fade,2,1,0,0,0,0,0,0,0,40,1,0
378833,Abyss,Boo,TH,Astra,5,0,0,0,1,0,0,0,0,68,0,1
378833,Abyss,RieNs,TH,Sova,2,0,0,0,0,0,0,0,0,29,0,1
378833,Abyss,MiniBoo,TH,Jett,4,1,0,0,0,0,0,0,0,71,1,1
378833,Abyss,Wo0t,TH,Gekko,1,0,0,0,1,0,0,0,0,51,2,2
378833,Abyss,benjyfishy,TH,Cypher,2,0,0,0,0,0,0,0,0,34,0,0
378833,Abyss,BuZz,DRX,Jett,1,0,0,0,0,0,0,0,0,23,0,0
378833,Abyss,MaKo,DRX,Omen,5,1,0,0,0,0,0,0,0,72,1,0
378833,Abyss,BeYN,DRX,Sova,4,0,0,0,0,0,0,0,0,68,7,2
378833,Abyss,Foxy9,DRX,Kayo,4,1,1,0,0,0,0,0,0,73,3,1
378833,Abyss,Flashback,DRX,Cypher,2,2,0,0,0,0,0,0,0,61,0,0
378833,Sunset,Boo,TH,Omen,1,2,0,0,0,0,0,0,0,44,1,1
378833,Sunset,RieNs,TH,Sova,3,1,0,0,0,0,0,0,0,77,3,2
378833,Sunset,MiniBoo,TH,Raze,4,1,1,0,1,0,0,0,0,81,0,0
378833,Sunset,Wo0t,TH,Kayo,3,0,0,0,0,0,0,0,0,55,2,0
378833,Sunset,benjyfishy,TH,Cypher,2,0,0,0,0,0,0,0,0,37,0,0
378833,Sunset,BuZz,DRX,Neon,0,1,2,0,0,0,0,0,0,69,0,0
378833,Sunset,MaKo,DRX,Omen,2,1,0,0,0,0,0,0,0,54,1,0
378833,Sunset,BeYN,DRX,Sova,2,0,0,0,1,0,0,0,0,46,2,0
378833,Sunset,Foxy9,DRX,Breach,1,0,0,0,0,0,0,0,0,23,5,0
378833,Sunset,Flashback,DRX,Cypher,1,0,0,0,0,0,0,0,0,48,1,0
378833,Icebox,Boo,TH,Viper,0,1,0,0,1,0,0,0,0,38,0,1
378833,Icebox,RieNs,TH,Sova,3,2,0,0,0,0,0,0,0,74,1,0
378833,Icebox,MiniBoo,TH,Neon,6,1,0,0,0,0,0,0,0,63,0,0
378833,Icebox,Wo0t,TH,Gekko,3,1,1,0,1,0,0,0,0,56,6,1
378833,Icebox,benjyfishy,TH,Killjoy,3,2,0,0,1,0,0,0,0,69,2,2
378833,Icebox,BuZz,DRX,Jett,2,1,0,0,0,0,0,0,0,42,0,0
378833,Icebox,MaKo,DRX,Viper,2,0,1,1,0,0,0,1,0,69,1,0
378833,Icebox,BeYN,DRX,Sova,1,2,0,0,0,1,0,0,0,35,1,0
378833,Icebox,Foxy9,DRX,Kayo,0,2,0,0,2,0,0,0,0,44,9,0
378833,Icebox,Flashback,DRX,Killjoy,2,0,1,0,0,0,1,0,0,40,0,1
378828,Icebox,nobody,EDG,Sova,5,1,0,0,0,0,0,0,0,47,2,2
378828,Icebox,ZmjjKK,EDG,Jett,3,4,0,0,0,0,0,0,0,54,0,0
378828,Icebox,Smoggy,EDG,Viper,3,0,1,0,0,0,0,0,0,39,1,1
378828,Icebox,S1Mon,EDG,Kayo,1,0,0,0,0,0,0,0,0,20,7,0
378828,Icebox,CHICHOO,EDG,Killjoy,3,3,0,0,1,0,0,0,0,45,0,1
378828,Icebox,C0M,LEV,Sova,2,0,0,0,0,0,0,0,0,42,1,1
378828,Icebox,tex,LEV,Killjoy,4,1,0,0,0,0,0,0,0,39,0,0
378828,Icebox,Mazino,LEV,Harbor,4,2,0,0,1,0,0,0,0,46,4,3
378828,Icebox,aspas,LEV,Jett,4,0,1,0,0,0,0,0,0,54,0,2
378828,Icebox,kiNgg,LEV,Viper,2,2,0,0,0,0,0,0,0,49,3,1
378828,Lotus,nobody,EDG,Fade,3,0,0,0,0,1,0,0,0,41,0,1
378828,Lotus,ZmjjKK,EDG,Neon,3,1,0,0,0,0,1,0,0,42,0,1
378828,Lotus,Smoggy,EDG,Clove,6,1,0,0,0,0,0,0,0,71,2,0
378828,Lotus,S1Mon,EDG,Breach,1,0,0,0,0,0,0,0,0,59,8,1
378828,Lotus,CHICHOO,EDG,Omen,5,0,0,0,0,0,0,0,0,48,0,0
378828,Lotus,C0M,LEV,Fade,0,1,0,0,0,0,0,0,0,36,1,0
378828,Lotus,tex,LEV,Cypher,4,0,1,0,0,0,0,0,0,70,0,0
378828,Lotus,Mazino,LEV,Breach,1,0,0,0,0,0,0,0,0,63,1,1
378828,Lotus,aspas,LEV,Raze,2,1,0,0,0,0,0,0,0,77,1,1
378828,Lotus,kiNgg,LEV,Omen,1,0,0,0,0,0,0,0,0,37,0,0
378828,Abyss,nobody,EDG,Sova,1,1,0,0,1,0,0,0,0,52,3,1
378828,Abyss,ZmjjKK,EDG,Jett,2,1,0,0,0,0,0,0,0,50,0,0
378828,Abyss,Smoggy,EDG,Omen,4,2,0,0,0,0,1,0,0,78,0,1
378828,Abyss,S1Mon,EDG,Kayo,3,0,0,0,0,0,0,0,0,40,5,0
378828,Abyss,CHICHOO,EDG,Astra,5,1,1,0,0,1,0,0,0,69,0,1
378828,Abyss,C0M,LEV,Sova,3,0,0,0,0,0,0,0,0,60,1,0
378828,Abyss,tex,LEV,Cypher,2,0,0,0,0,0,0,0,0,37,1,1
378828,Abyss,Mazino,LEV,Harbor,8,0,0,0,0,0,0,0,0,62,4,1
378828,Abyss,aspas,LEV,Jett,3,0,1,0,0,0,0,0,0,41,0,1
378828,Abyss,kiNgg,LEV,Omen,2,0,0,0,0,0,0,0,0,42,2,0
378835,Haven,Boo,TH,Sage,2,1,0,0,0,0,0,0,0,47,1,0
378835,Haven,RieNs,TH,Gekko,3,1,0,0,0,1,0,0,0,32,7,0
378835,Haven,MiniBoo,TH,Raze,4,0,0,0,0,0,0,0,0,57,1,2
378835,Haven,Wo0t,TH,Omen,3,1,0,0,0,0,0,0,0,57,0,0
378835,Haven,benjyfishy,TH,Killjoy,1,0,0,0,0,0,0,0,0,21,0,0
378835,Haven,TenZ,SEN,Omen,7,2,1,0,0,0,0,0,0,84,1,0
378835,Haven,Sacy,SEN,Sova,2,0,0,0,0,0,0,0,0,50,2,2
378835,Haven,Zellsis,SEN,Breach,3,0,0,0,0,0,0,0,0,52,5,0
378835,Haven,johnqt,SEN,Cypher,2,0,0,0,0,1,0,0,0,65,0,1
378835,Haven,zekken,SEN,Neon,0,3,0,0,0,0,0,0,0,46,0,1
378835,Icebox,Boo,TH,Viper,1,1,1,0,1,0,0,0,0,60,0,0
378835,Icebox,RieNs,TH,Sova,3,1,0,0,1,0,0,0,0,48,0,1
378835,Icebox,MiniBoo,TH,Neon,4,0,0,0,0,0,0,0,0,47,0,0
378835,Icebox,Wo0t,TH,Gekko,3,0,0,0,1,0,0,0,0,35,9,1
378835,Icebox,benjyfishy,TH,Killjoy,3,1,1,0,0,0,0,0,0,46,0,0
378835,Icebox,TenZ,SEN,Kayo,2,0,1,0,0,0,0,0,0,47,0,1
378835,Icebox,Sacy,SEN,Sova,2,0,0,0,0,0,0,0,0,40,2,1
378835,Icebox,Zellsis,SEN,Killjoy,6,1,0,0,0,0,0,0,0,63,1,3
378835,Icebox,johnqt,SEN,Viper,1,1,0,0,0,0,0,0,0,34,1,0
378835,Icebox,zekken,SEN,Jett,2,2,0,0,0,0,0,0,0,56,0,0
378835,Abyss,Boo,TH,Astra,1,0,0,0,0,0,0,0,0,37,0,1
378835,Abyss,RieNs,TH,Sova,3,1,2,0,0,0,0,0,0,95,1,0
378835,Abyss,MiniBoo,TH,Jett,1,1,1,0,0,0,0,0,0,59,0,0
378835,Abyss,Wo0t,TH,Gekko,0,2,0,0,0,1,0,0,0,74,6,1
378835,Abyss,benjyfishy,TH,Cypher,4,1,0,0,0,0,0,0,0,60,0,1
378835,Abyss,TenZ,SEN,Omen,2,0,1,0,0,0,0,0,0,61,0,1
378835,Abyss,Sacy,SEN,Sova,0,0,0,0,0,0,0,0,0,39,6,0
378835,Abyss,Zellsis,SEN,Kayo,1,0,0,0,0,0,0,0,0,26,0,0
378835,Abyss,johnqt,SEN,Cypher,2,0,0,0,0,0,0,0,0,30,1,0
378835,Abyss,zekken,SEN,Jett,6,2,0,1,0,1,0,0,0,77,0,1
378836,Icebox,C0M,LEV,Sova,3,0,0,0,0,1,0,0,0,55,4,0
378836,Icebox,tex,LEV,Killjoy,2,1,0,0,0,0,0,0,0,38,1,0
378836,Icebox,Mazino,LEV,Harbor,1,0,0,0,0,0,0,0,0,17,3,0
378836,Icebox,aspas,LEV,Jett,3,0,0,0,0,0,0,0,0,44,0,0
378836,Icebox,kiNgg,LEV,Viper,1,2,0,0,0,1,0,0,0,53,0,0
378836,Icebox,Boo,TH,Viper,1,1,0,0,0,0,0,0,0,86,0,1
378836,Icebox,RieNs,TH,Sova,7,0,0,0,0,0,0,0,0,56,0,1
378836,Icebox,MiniBoo,TH,Neon,4,2,0,0,0,0,0,0,0,70,0,0
378836,Icebox,Wo0t,TH,Gekko,3,0,0,0,0,0,0,0,0,58,6,1
378836,Icebox,benjyfishy,TH,Killjoy,1,0,0,0,0,0,0,0,0,43,0,0
378836,Sunset,C0M,LEV,Sova,6,1,0,0,1,0,0,0,0,46,3,0
378836,Sunset,tex,LEV,Cypher,2,2,0,0,0,0,0,0,0,49,1,0
378836,Sunset,Mazino,LEV,Breach,3,1,0,0,0,0,0,0,0,51,9,0
378836,Sunset,aspas,LEV,Neon,4,0,1,0,2,0,0,0,0,44,0,0
378836,Sunset,kiNgg,LEV,Omen,4,0,0,0,0,1,0,0,0,31,0,1
378836,Sunset,Boo,TH,Omen,2,0,0,0,0,0,0,0,0,32,3,0
378836,Sunset,RieNs,TH,Sova,9,0,0,0,1,1,0,0,0,60,2,0
378836,Sunset,MiniBoo,TH,Raze,5,1,0,0,0,0,0,0,0,58,3,1
378836,Sunset,Wo0t,TH,Kayo,5,1,0,0,0,0,0,0,0,47,4,1
378836,Sunset,benjyfishy,TH,Cypher,2,1,0,0,0,0,0,0,0,39,0,1
378836,Abyss,C0M,LEV,Sova,2,1,0,0,0,0,0,0,0,48,5,3
378836,Abyss,tex,LEV,Cypher,1,1,0,0,0,0,0,0,0,48,0,0
378836,Abyss,Mazino,LEV,Harbor,6,1,0,0,1,0,0,0,0,67,4,3
378836,Abyss,aspas,LEV,Jett,2,1,0,0,1,0,0,0,0,55,0,1
378836,Abyss,kiNgg,LEV,Omen,4,1,0,0,0,0,0,0,0,49,1,0
378836,Abyss,Boo,TH,Astra,4,0,0,0,1,0,0,0,0,57,1,1
378836,Abyss,RieNs,TH,Sova,3,0,0,0,2,0,0,0,0,59,0,2
378836,Abyss,MiniBoo,TH,Jett,1,0,0,0,0,0,0,0,0,30,0,0
378836,Abyss,Wo0t,TH,Gekko,3,1,0,0,0,0,0,0,0,54,8,1
378836,Abyss,benjyfishy,TH,Cypher,2,1,1,0,0,0,0,0,0,68,0,1
378836,Lotus,C0M,LEV,Fade,1,0,0,0,0,0,0,0,0,32,0,0
378836,Lotus,tex,LEV,Cypher,2,1,0,0,0,0,0,0,0,45,0,0
378836,Lotus,Mazino,LEV,Breach,2,0,0,0,0,0,0,0,0,40,3,0
378836,Lotus,aspas,LEV,Raze,1,0,0,0,0,0,0,0,0,43,0,0
378836,Lotus,kiNgg,LEV,Omen,0,0,0,0,0,0,0,0,0,40,0,0
378836,Lotus,Boo,TH,Fade,3,1,0,0,1,0,0,0,0,78,7,0
378836,Lotus,RieNs,TH,Viper,5,0,0,0,0,0,0,0,0,66,2,0
378836,Lotus,MiniBoo,TH,Raze,4,1,0,0,0,0,0,0,0,77,1,0
378836,Lotus,Wo0t,TH,Omen,2,0,0,0,0,0,0,0,0,46,1,1
378836,Lotus,benjyfishy,TH,Killjoy,3,1,0,0,1,0,0,0,0,71,0,0
378829,Haven,nobody,EDG,Sova,2,0,0,0,0,0,0,0,0,36,2,0
378829,Haven,ZmjjKK,EDG,Neon,6,2,0,0,0,0,0,0,0,78,0,0
378829,Haven,Smoggy,EDG,Omen,0,0,0,0,0,0,0,0,0,23,2,0
378829,Haven,S1Mon,EDG,Breach,2,0,0,0,0,1,0,0,0,42,5,0
378829,Haven,CHICHOO,EDG,Cypher,1,1,0,0,0,0,0,0,0,40,0,0
378829,Haven,Boo,TH,Omen,1,0,0,0,0,1,0,0,0,38,1,0
378829,Haven,RieNs,TH,Sova,5,0,0,0,0,0,0,0,0,99,2,2
378829,Haven,MiniBoo,TH,Neon,5,1,0,0,0,0,0,0,0,59,0,0
378829,Haven,Wo0t,TH,Breach,3,0,0,0,0,0,0,0,0,57,0,1
378829,Haven,benjyfishy,TH,Cypher,5,0,1,0,0,0,0,0,0,60,0,0
378829,Sunset,nobody,EDG,Sova,2,0,0,0,0,0,0,0,0,75,2,0
378829,Sunset,ZmjjKK,EDG,Neon,5,0,1,1,0,0,0,0,0,105,1,0
378829,Sunset,Smoggy,EDG,Omen,2,0,1,0,0,1,0,0,0,62,2,1
378829,Sunset,S1Mon,EDG,Kayo,2,0,0,0,0,0,0,0,0,55,7,0
378829,Sunset,CHICHOO,EDG,Cypher,3,0,1,0,0,1,0,0,0,74,0,0
378829,Sunset,Boo,TH,Omen,3,0,0,0,1,0,0,0,0,31,1,0
378829,Sunset,RieNs,TH,Sova,3,0,0,0,0,0,0,0,0,46,1,1
378829,Sunset,MiniBoo,TH,Raze,1,2,0,0,0,0,0,0,0,48,1,0
378829,Sunset,Wo0t,TH,Kayo,1,1,0,0,0,0,0,0,0,52,1,0
378829,Sunset,benjyfishy,TH,Cypher,1,0,0,0,0,0,0,0,0,32,0,0
378829,Lotus,nobody,EDG,Fade,3,1,0,0,2,1,0,0,0,42,4,1
378829,Lotus,ZmjjKK,EDG,Neon,5,3,1,0,0,0,0,0,0,64,0,0
378829,Lotus,Smoggy,EDG,Clove,1,1,1,0,0,0,0,0,0,54,0,1
378829,Lotus,S1Mon,EDG,Breach,1,1,0,0,0,0,0,0,0,35,4,0
378829,Lotus,CHICHOO,EDG,Omen,3,3,0,1,0,1,0,0,0,98,0,0
378829,Lotus,Boo,TH,Fade,2,0,0,0,1,0,0,0,0,35,2,0
378829,Lotus,RieNs,TH,Viper,2,0,0,0,0,0,0,0,0,49,3,0
378829,Lotus,MiniBoo,TH,Raze,0,1,0,0,0,0,0,0,0,37,0,0
378829,Lotus,Wo0t,TH,Omen,3,1,1,0,0,0,0,0,0,47,2,0
378829,Lotus,benjyfishy,TH,Killjoy,6,0,0,0,0,1,0,0,0,61,1,1
378829,Bind,nobody,EDG,Gekko,3,0,0,0,0,0,0,0,0,41,5,0
378829,Bind,ZmjjKK,EDG,Raze,4,0,0,1,0,0,0,0,0,65,0,0
378829,Bind,Smoggy,EDG,Brimstone,3,0,0,0,1,0,0,0,0,54,3,1
378829,Bind,S1Mon,EDG,Fade,1,1,0,0,1,0,0,0,0,49,2,2
378829,Bind,CHICHOO,EDG,Viper,3,0,0,0,0,1,0,0,0,67,0,0
378829,Bind,Boo,TH,Brimstone,4,1,0,0,0,0,0,0,0,39,1,1
378829,Bind,RieNs,TH,Gekko,6,0,0,0,1,0,1,0,0,41,8,2
378829,Bind,MiniBoo,TH,Raze,5,1,0,0,0,0,0,0,0,58,1,0
378829,Bind,Wo0t,TH,Fade,2,1,0,0,0,0,0,0,0,53,0,1
378829,Bind,benjyfishy,TH,Viper,1,1,0,0,0,0,0,0,0,48,0,0
378829,Abyss,nobody,EDG,Sova,1,1,0,0,0,0,0,0,0,42,2,1
378829,Abyss,ZmjjKK,EDG,Jett,4,0,1,0,0,1,0,0,0,65,1,0
378829,Abyss,Smoggy,EDG,Omen,3,2,0,0,0,0,0,0,0,93,2,1
378829,Abyss,S1Mon,EDG,Kayo,5,0,0,0,1,0,0,0,0,70,5,0
378829,Abyss,CHICHOO,EDG,Astra,1,2,0,0,0,0,0,0,0,39,2,0
378829,Abyss,Boo,TH,Astra,2,0,0,0,0,0,1,0,0,31,0,0
378829,Abyss,RieNs,TH,Sova,1,1,0,0,0,0,0,0,0,51,1,0
378829,Abyss,MiniBoo,TH,Jett,3,0,0,0,0,0,0,0,0,36,0,1
378829,Abyss,Wo0t,TH,Gekko,3,0,0,0,0,1,0,0,0,55,5,0
378829,Abyss,benjyfishy,TH,Cypher,2,2,0,0,0,0,1,0,0,67,1,1
